{
  "mean episodic_return": {
    "steps": [
      0
    ],
    "timestamps": [
      "2020-09-23T12:46:02.107911"
    ],
    "values": [
      -13.179999999999998
    ]
  }
}