#{"t_start": 1624876592.62156, "env_id": "warehouse-v0"}
r,l,t
1,6,100,3.3741472,2,100,5.1042525,5,100,6.932284,4,100,9.001421,13,100,10.890321,52,100,12.761112,142,100,14.81596,2,100,16.9179870,143,100,19.01992,100,21.143931
333,100,23.12824715,100,25.0835264,2,100,26.9712,1005,100,32.2333,1000,100,38.1412,13,4,2,100,42.82,104,100,48.42980,133,100,53.04591,100,57.865154
2,14,100,62.480211,13,100,67.301347,1325,100,72.2923,14,4,100,77.3577,1612,100,81.9005,11,100,86.715533,12,100,91.318052,2,14,100,96.14,100,2,100,100.883,14,105,100,105.84,13,100,1,100,1103,17,100,115.409685,10,11,100,120.747,12,12,100,126.381,17,100,4,100,1311,12,101,100,136.93,4,100,141.9069383,100,15,100,147.05,100,7,100,151.8153,100,157.33936735,100,162.39166641,100,4,100,1675,12,100,172.488591,13,100,177.559635,100,182.248362
3,128,100,187.22843,15,100,7,100,1924,4,2,100,197.15427,6,100,201.9711255,8,7,107,100,207.4,7,100,211.9537614,8,5,100,217.42203,3,100,222.1211233,5,100,6,100,227.8,4,6,105,100,231.3,4,100,237.0004811,7,100,242.122624,1007,105,100,2474,100,23,100,252.158,100,257.16201
6,100,2617,100,26511,100,267.1050285,103,102,100,271.922556


